Metric,Value
Website Revenue,170749.0
Meta Reported Revenue,69065.0
Total Ad Spend,12258.59
Website ROAS,13.928926573121378
Meta ROAS,5.63400847895231
ROAS Difference,8.294918094169068
